{
  "Author": "That one kid",
  "Compatibility": "Problematic",
  "CompatibilityExplanation": "The timer of the module is a little under the display",
  "DefuserDifficulty": "VeryEasy",
  "Description": "Pet the cat. Tags: cat, pet, youtube",
  "ExpertDifficulty": "VeryEasy",
  "ModuleID": "stampy",
  "Name": "The Stampycat",
  "Origin": "Mods",
  "Published": "2022-02-15",
  "SortKey": "STAMPYCAT",
  "SourceUrl": "https://github.com/Kbushra/ktaneStampy",
  "SteamID": "2754624345",
  "Symbol": "Tsc",
  "Type": "Needy"
}